<?xml version="1.0" encoding="UTF-8" ?>
<!-- Generated by Oracle SOA Modeler version 12.1.3.0.1 at [2/9/18 2:13 PM]. -->
<composite name="HelloBPEL"
           revision="1.0"
           label="2018-02-09_14-13-27_087"
           mode="active"
           state="on"
           xmlns="http://xmlns.oracle.com/sca/1.0"
           xmlns:xs="http://www.w3.org/2001/XMLSchema"
           xmlns:wsp="http://schemas.xmlsoap.org/ws/2004/09/policy"
           xmlns:orawsp="http://schemas.oracle.com/ws/2006/01/policy"
           xmlns:ui="http://xmlns.oracle.com/soa/designer/"
           xmlns:sca-ext="http://xmlns.oracle.com/sca/1.0-ext">
  <import namespace="http://xmlns.oracle.com/BPELProjects/HelloBPEL/HelloBPEL" location="WSDLs/HelloBPEL.wsdl"
          importType="wsdl"/>
  <import namespace="http://xmlns.oracle.com/CCValidate/CCValidate/ValidateCreditCard"
          location="WSDLs/ValidateCreditCard_ep.wsdl" importType="wsdl"/>
  <import namespace="http://xmlns.oracle.com/CCValidate/CCValidate/ValidateCreditCard"
          location="WSDLs/ValidateCreditCardWrapper.wsdl" importType="wsdl"/>
  <service name="hellobpel_client_ep" ui:wsdlLocation="WSDLs/HelloBPEL.wsdl">
    <interface.wsdl interface="http://xmlns.oracle.com/BPELProjects/HelloBPEL/HelloBPEL#wsdl.interface(HelloBPEL)"/>
    <binding.ws port="http://xmlns.oracle.com/BPELProjects/HelloBPEL/HelloBPEL#wsdl.endpoint(hellobpel_client_ep/HelloBPEL_pt)"/>
  </service>
  <property name="productVersion" type="xs:string" many="false">12.1.3.0.1</property>
  <property name="compositeID" type="xs:string" many="false">1304e3ec-5a44-4ade-8d85-a171fab17e47</property>
  <component name="HelloBPEL" version="2.0">
    <implementation.bpel src="BPEL/HelloBPEL.bpel"/>
    <componentType>
      <service name="hellobpel_client" ui:wsdlLocation="WSDLs/HelloBPEL.wsdl">
        <interface.wsdl interface="http://xmlns.oracle.com/BPELProjects/HelloBPEL/HelloBPEL#wsdl.interface(HelloBPEL)"/>
      </service>
      <reference name="ValidateCC" ui:wsdlLocation="WSDLs/ValidateCreditCardWrapper.wsdl">
        <interface.wsdl interface="http://xmlns.oracle.com/CCValidate/CCValidate/ValidateCreditCard#wsdl.interface(validateCC_ptt)"/>
      </reference>
    </componentType>
    <property name="bpel.config.transaction" type="xs:string" many="false">required</property>
  </component>
  <reference name="ValidateCC" ui:wsdlLocation="WSDLs/ValidateCreditCard_ep.wsdl">
    <interface.wsdl interface="http://xmlns.oracle.com/CCValidate/CCValidate/ValidateCreditCard#wsdl.interface(validateCC_ptt)"/>
    <binding.ws port="http://xmlns.oracle.com/CCValidate/CCValidate/ValidateCreditCard#wsdl.endpoint(ValidateCreditCard_ep/validateCC_pt)"
                location="https://localhost:7102/soa-infra/services/default/CCValidate!1.0/ValidateCreditCard_ep?WSDL"
                soapVersion="1.1">
      <property name="weblogic.wsee.wsat.transaction.flowOption" type="xs:string" many="false">WSDLDriven</property>
    </binding.ws>
  </reference>
  <wire>
    <source.uri>hellobpel_client_ep</source.uri>
    <target.uri>HelloBPEL/hellobpel_client</target.uri>
  </wire>
  <wire>
    <source.uri>HelloBPEL/ValidateCC</source.uri>
    <target.uri>ValidateCC</target.uri>
  </wire>
</composite>
