<?xml version = '1.0' encoding = 'UTF-8'?>
<Faults>
   <Fault>
      <severity>error</severity>
      <loc>/ns:composite/ns:import[@location='WSDLs/ValidateCreditCardWrapper.wsdl']</loc>
      <line>19</line>
      <col>78</col>
      <file>/home/oracle/Development/oracle_SOA_suite_formation/D84361GC10_BPEL/Practice6-1_Creating_New_Application/BPELProjects/HelloBPEL/SOA/composite.xml</file>
      <name>/home/oracle/Development/oracle_SOA_suite_formation/D84361GC10_BPEL/Practice6-1_Creating_New_Application/BPELProjects/HelloBPEL/SOA/composite.xml</name>
      <fix/>
      <msg>Load of wsdl "WSDLs/ValidateCreditCardWrapper.wsdl" failed</msg>
   </Fault>
   <Fault>
      <severity>warning</severity>
      <loc>/ns:composite/ns:reference[@name='ValidateCC']</loc>
      <line>38</line>
      <col>83</col>
      <file>/home/oracle/Development/oracle_SOA_suite_formation/D84361GC10_BPEL/Practice6-1_Creating_New_Application/BPELProjects/HelloBPEL/SOA/composite.xml</file>
      <name>/home/oracle/Development/oracle_SOA_suite_formation/D84361GC10_BPEL/Practice6-1_Creating_New_Application/BPELProjects/HelloBPEL/SOA/composite.xml</name>
      <fix/>
      <msg>Failed to Find Binding "ValidateCC":"{http://xmlns.oracle.com/CCValidate/CCValidate/ValidateCreditCard}validateCC_pt" in WSDL Manager</msg>
   </Fault>
   <Fault>
      <severity>error</severity>
      <loc/>
      <line>21</line>
      <col/>
      <file>BPEL/HelloBPEL.bpel</file>
      <name>BPEL/HelloBPEL.bpel</name>
      <fix>Please check import location or element QNames.</fix>
      <msg>javax.wsdl.WSDLException: WSDLException: faultCode=INVALID_WSDL: Error reading import of file:/home/oracle/Development/oracle_SOA_suite_formation/D84361GC10_BPEL/Practice6-1_Creating_New_Application/BPELProjects/HelloBPEL/SOA/WSDLs/ValidateCreditCardWrapper.wsdl: oracle.j2ee.ws.wsdl.LocalizedWSDLException: WSDLException: faultCode=PARSER_ERROR: Failed to read wsdl file at: "https://localhost:7102/soa-infra/services/default/CCValidate!1.0/WSDLs/ValidateCreditCard.wsdl", caused by: javax.net.ssl.SSLHandshakeException.: javax.net.ssl.SSLHandshakeException: sun.security.validator.ValidatorException: PKIX path building failed: sun.security.provider.certpath.SunCertPathBuilderException: unable to find valid certification path to requested target: WSDLException: faultCode=INVALID_WSDL: Error reading import of file:/home/oracle/Development/oracle_SOA_suite_formation/D84361GC10_BPEL/Practice6-1_Creating_New_Application/BPELProjects/HelloBPEL/SOA/WSDLs/ValidateCreditCardWrapper.wsdl: oracle.j2ee.ws.wsdl.LocalizedWSDLException: WSDLException: faultCode=PARSER_ERROR: Failed to read wsdl file at: "https://localhost:7102/soa-infra/services/default/CCValidate!1.0/WSDLs/ValidateCreditCard.wsdl", caused by: javax.net.ssl.SSLHandshakeException.: javax.net.ssl.SSLHandshakeException: sun.security.validator.ValidatorException: PKIX path building failed: sun.security.provider.certpath.SunCertPathBuilderException: unable to find valid certification path to requested target</msg>
   </Fault>
   <Fault>
      <severity>warning</severity>
      <loc/>
      <line>23</line>
      <col/>
      <file>BPEL/HelloBPEL.bpel</file>
      <name>BPEL/HelloBPEL.bpel</name>
      <fix>Check location "../WSDLs/HelloBPEL.wsdl" and import type "http://schemas.xmlsoap.org/wsdl/"</fix>
      <msg>Cannot import type "http://schemas.xmlsoap.org/wsdl/" from location "../WSDLs/HelloBPEL.wsdl"</msg>
   </Fault>
   <Fault>
      <severity>error</severity>
      <loc/>
      <line>36</line>
      <col/>
      <file>BPEL/HelloBPEL.bpel</file>
      <name>BPEL/HelloBPEL.bpel</name>
      <fix>Make sure that value "client:HelloBPEL" is resolvable (check imports, value of "partnerLinkType").</fix>
      <msg>"partnerLinkType" is set to "client:HelloBPEL" on this &lt;bpel:partnerLink>  but it cannot be resolved (check value of "partnerLinkType", imports, WSDLs or XSDs).</msg>
   </Fault>
   <Fault>
      <severity>error</severity>
      <loc/>
      <line>37</line>
      <col/>
      <file>BPEL/HelloBPEL.bpel</file>
      <name>BPEL/HelloBPEL.bpel</name>
      <fix>Make sure that value "ns1:ValidateCC" is resolvable (check imports, value of "partnerLinkType").</fix>
      <msg>"partnerLinkType" is set to "ns1:ValidateCC" on this &lt;bpel:partnerLink>  but it cannot be resolved (check value of "partnerLinkType", imports, WSDLs or XSDs).</msg>
   </Fault>
   <Fault>
      <severity>error</severity>
      <loc/>
      <line>48</line>
      <col/>
      <file>BPEL/HelloBPEL.bpel</file>
      <name>BPEL/HelloBPEL.bpel</name>
      <fix>Make sure that value "client:HelloBPELRequestMessage" is resolvable (check imports, value of "messageType").</fix>
      <msg>"messageType" is set to "client:HelloBPELRequestMessage" on this &lt;bpel:variable>  but it cannot be resolved (check value of "messageType", imports, WSDLs or XSDs).</msg>
   </Fault>
   <Fault>
      <severity>error</severity>
      <loc/>
      <line>51</line>
      <col/>
      <file>BPEL/HelloBPEL.bpel</file>
      <name>BPEL/HelloBPEL.bpel</name>
      <fix>Make sure that value "client:HelloBPELResponseMessage" is resolvable (check imports, value of "messageType").</fix>
      <msg>"messageType" is set to "client:HelloBPELResponseMessage" on this &lt;bpel:variable>  but it cannot be resolved (check value of "messageType", imports, WSDLs or XSDs).</msg>
   </Fault>
   <Fault>
      <severity>error</severity>
      <loc/>
      <line>52</line>
      <col/>
      <file>BPEL/HelloBPEL.bpel</file>
      <name>BPEL/HelloBPEL.bpel</name>
      <fix>Make sure that value "ns1:requestMessage" is resolvable (check imports, value of "messageType").</fix>
      <msg>"messageType" is set to "ns1:requestMessage" on this &lt;bpel:variable>  but it cannot be resolved (check value of "messageType", imports, WSDLs or XSDs).</msg>
   </Fault>
   <Fault>
      <severity>error</severity>
      <loc/>
      <line>53</line>
      <col/>
      <file>BPEL/HelloBPEL.bpel</file>
      <name>BPEL/HelloBPEL.bpel</name>
      <fix>Make sure that value "ns1:replyMessage" is resolvable (check imports, value of "messageType").</fix>
      <msg>"messageType" is set to "ns1:replyMessage" on this &lt;bpel:variable>  but it cannot be resolved (check value of "messageType", imports, WSDLs or XSDs).</msg>
   </Fault>
   <Fault>
      <severity>warning</severity>
      <loc/>
      <line>66</line>
      <col/>
      <file>BPEL/HelloBPEL.bpel</file>
      <name>BPEL/HelloBPEL.bpel</name>
      <fix>Check the bpel:partnerLink specified on this activity via attribute "partnerLink" and make sure it is itself specified correctly.</fix>
      <msg>The activity &lt;bpel:receive> refers to a bpel:partnerLink (via the attribute "partnerLink") - this bpel:partnerLink needs to be defined correctly.</msg>
   </Fault>
   <Fault>
      <severity>error</severity>
      <loc/>
      <line>66</line>
      <col/>
      <file>BPEL/HelloBPEL.bpel</file>
      <name>BPEL/HelloBPEL.bpel</name>
      <fix>Make sure that value "client:HelloBPEL" is resolvable (check imports, value of "portType").</fix>
      <msg>"portType" is set to "client:HelloBPEL" on this &lt;bpel:receive> activity but it cannot be resolved (check value of "portType", imports, WSDLs or XSDs).</msg>
   </Fault>
   <Fault>
      <severity>warning</severity>
      <loc/>
      <line>66</line>
      <col/>
      <file>BPEL/HelloBPEL.bpel</file>
      <name>BPEL/HelloBPEL.bpel</name>
      <fix>Check the bpel:variable specified on this activity via attribute "variable" and make sure it is itself specified correctly.</fix>
      <msg>The activity &lt;bpel:receive> refers to a bpel:variable (via the attribute "variable") - this bpel:variable needs to be defined correctly.</msg>
   </Fault>
   <Fault>
      <severity>warning</severity>
      <loc/>
      <line>68</line>
      <col/>
      <file>BPEL/HelloBPEL.bpel</file>
      <name>BPEL/HelloBPEL.bpel</name>
      <fix>Types must be compatible.</fix>
      <msg>The from-spec of "type" is not compatible with to-spec of "type"</msg>
   </Fault>
   <Fault>
      <severity>warning</severity>
      <loc/>
      <line>72</line>
      <col/>
      <file>BPEL/HelloBPEL.bpel</file>
      <name>BPEL/HelloBPEL.bpel</name>
      <fix>Types must be compatible.</fix>
      <msg>The from-spec of "type" is not compatible with to-spec of "type"</msg>
   </Fault>
   <Fault>
      <severity>warning</severity>
      <loc/>
      <line>80</line>
      <col/>
      <file>BPEL/HelloBPEL.bpel</file>
      <name>BPEL/HelloBPEL.bpel</name>
      <fix>Check the bpel:partnerLink specified on this activity via attribute "partnerLink" and make sure it is itself specified correctly.</fix>
      <msg>The activity &lt;bpel:invoke> refers to a bpel:partnerLink (via the attribute "partnerLink") - this bpel:partnerLink needs to be defined correctly.</msg>
   </Fault>
   <Fault>
      <severity>warning</severity>
      <loc/>
      <line>80</line>
      <col/>
      <file>BPEL/HelloBPEL.bpel</file>
      <name>BPEL/HelloBPEL.bpel</name>
      <fix>Check the bpel:variable specified on this activity via attribute "inputVariable" and make sure it is itself specified correctly.</fix>
      <msg>The activity &lt;bpel:invoke> refers to a bpel:variable (via the attribute "inputVariable") - this bpel:variable needs to be defined correctly.</msg>
   </Fault>
   <Fault>
      <severity>warning</severity>
      <loc/>
      <line>80</line>
      <col/>
      <file>BPEL/HelloBPEL.bpel</file>
      <name>BPEL/HelloBPEL.bpel</name>
      <fix>Check the bpel:variable specified on this activity via attribute "outputVariable" and make sure it is itself specified correctly.</fix>
      <msg>The activity &lt;bpel:invoke> refers to a bpel:variable (via the attribute "outputVariable") - this bpel:variable needs to be defined correctly.</msg>
   </Fault>
   <Fault>
      <severity>error</severity>
      <loc/>
      <line>80</line>
      <col/>
      <file>BPEL/HelloBPEL.bpel</file>
      <name>BPEL/HelloBPEL.bpel</name>
      <fix>Make sure that value "ns1:validateCC_ptt" is resolvable (check imports, value of "portType").</fix>
      <msg>"portType" is set to "ns1:validateCC_ptt" on this &lt;bpel:invoke> activity but it cannot be resolved (check value of "portType", imports, WSDLs or XSDs).</msg>
   </Fault>
   <Fault>
      <severity>warning</severity>
      <loc/>
      <line>82</line>
      <col/>
      <file>BPEL/HelloBPEL.bpel</file>
      <name>BPEL/HelloBPEL.bpel</name>
      <fix>Types must be compatible.</fix>
      <msg>The from-spec of "type" is not compatible with to-spec of "type"</msg>
   </Fault>
   <Fault>
      <severity>warning</severity>
      <loc/>
      <line>88</line>
      <col/>
      <file>BPEL/HelloBPEL.bpel</file>
      <name>BPEL/HelloBPEL.bpel</name>
      <fix>Check the bpel:partnerLink specified on this activity via attribute "partnerLink" and make sure it is itself specified correctly.</fix>
      <msg>The activity &lt;bpel:reply> refers to a bpel:partnerLink (via the attribute "partnerLink") - this bpel:partnerLink needs to be defined correctly.</msg>
   </Fault>
   <Fault>
      <severity>warning</severity>
      <loc/>
      <line>88</line>
      <col/>
      <file>BPEL/HelloBPEL.bpel</file>
      <name>BPEL/HelloBPEL.bpel</name>
      <fix>Check the bpel:variable specified on this activity via attribute "variable" and make sure it is itself specified correctly.</fix>
      <msg>The activity &lt;bpel:reply> refers to a bpel:variable (via the attribute "variable") - this bpel:variable needs to be defined correctly.</msg>
   </Fault>
   <Fault>
      <severity>error</severity>
      <loc/>
      <line>88</line>
      <col/>
      <file>BPEL/HelloBPEL.bpel</file>
      <name>BPEL/HelloBPEL.bpel</name>
      <fix>Make sure that value "client:HelloBPEL" is resolvable (check imports, value of "portType").</fix>
      <msg>"portType" is set to "client:HelloBPEL" on this &lt;bpel:reply> activity but it cannot be resolved (check value of "portType", imports, WSDLs or XSDs).</msg>
   </Fault>
</Faults>
