<?xml version="1.0" encoding="UTF-8"?>
<dgm:gDiagram xmlns:dgm="http://xmlns.oracle.com/sca/soadgm">
    <dgm:gService name="hellobpel_client_ep">
        <dgm:body borderWidth="2" arcRad="20" X="21" Y="41" width="137" height="84">
            <dgm:borderColor r="153" g="153" b="153"/>
            <dgm:bgColor r="255" g="255" b="255"/>
        </dgm:body>
        <dgm:shadow arcRad="20" X="11" Y="34" width="156" height="98">
            <dgm:bgColor r="196" g="228" b="240"/>
        </dgm:shadow>
        <dgm:outputPort name="hellobpel_client_ep" X="127" Y="0" diameter="20" imageURI="oracle/tip/tools/ide/fabric/resource/image/visuals_rd1/servicereference.png" interface="http://xmlns.oracle.com/BPELProjects/HelloBPEL/HelloBPEL#wsdl.interface(HelloBPEL)"/>
        <dgm:nodeIcon URI="/oracle/tip/tools/ide/adapters/designtime/adapter/images/soap_service_20x20.png" X="20" Y="4" width="20" height="20"/>
        <dgm:operations>
            <dgm:item>process</dgm:item>
        </dgm:operations>
    </dgm:gService>
    <dgm:gReference name="ValidateCC">
        <dgm:body borderWidth="2" arcRad="20" X="792" Y="41" width="136" height="84">
            <dgm:borderColor r="153" g="153" b="153"/>
            <dgm:bgColor r="255" g="255" b="255"/>
        </dgm:body>
        <dgm:shadow arcRad="20" X="782" Y="34" width="156" height="98">
            <dgm:bgColor r="196" g="228" b="240"/>
        </dgm:shadow>
        <dgm:inputPort name="ValidateCC" X="-10" Y="0" diameter="20" imageURI="oracle/tip/tools/ide/fabric/resource/image/visuals_rd1/servicereference.png" interface="http://xmlns.oracle.com/CCValidate/CCValidate/ValidateCreditCard#wsdl.interface(validateCC_ptt)"/>
        <dgm:nodeIcon URI="/oracle/tip/tools/ide/adapters/designtime/adapter/images/soap_service_20x20.png" X="27" Y="4" width="20" height="20"/>
        <dgm:operations>
            <dgm:item>validateCC</dgm:item>
        </dgm:operations>
    </dgm:gReference>
    <dgm:gComponent name="HelloBPEL">
        <dgm:body borderWidth="2" arcRad="20" X="410" Y="26" width="130" height="61">
            <dgm:borderColor r="69" g="113" b="140"/>
            <dgm:lightBgColor r="166" g="208" b="230"/>
            <dgm:darkBgColor r="99" g="162" b="201"/>
        </dgm:body>
        <dgm:shadow arcRad="20" X="400" Y="19" width="150" height="77">
            <dgm:bgColor r="196" g="228" b="240"/>
        </dgm:shadow>
        <dgm:inputPort name="hellobpel_client" X="-10" Y="15" diameter="20" imageURI="oracle/tip/tools/ide/fabric/resource/image/visuals_rd1/servicereference.png" interface="http://xmlns.oracle.com/BPELProjects/HelloBPEL/HelloBPEL#wsdl.interface(HelloBPEL)"/>
        <dgm:outputPort name="ValidateCC" X="120" Y="15" diameter="20" imageURI="oracle/tip/tools/ide/fabric/resource/image/visuals_rd1/servicereference.png" interface="http://xmlns.oracle.com/CCValidate/CCValidate/ValidateCreditCard#wsdl.interface(validateCC_ptt)"/>
        <dgm:nodeIcon URI="/oracle/tip/tools/ide/bpel/shared/plugins/resources/images/soa/process_20x20.png" X="10" Y="4" width="20" height="20"/>
    </dgm:gComponent>
    <dgm:gWireLink source="hellobpel_client_ep" target="HelloBPEL/hellobpel_client" width="2">
        <dgm:gSegment X1="168" Y1="51" X2="400" Y2="51"/>
        <dgm:baseColor r="153" g="153" b="153"/>
        <dgm:selectedColor r="49" g="106" b="196"/>
    </dgm:gWireLink>
    <dgm:gWireLink source="HelloBPEL/ValidateCC" target="ValidateCC" width="2">
        <dgm:gSegment X1="550" Y1="51" X2="782" Y2="51"/>
        <dgm:baseColor r="153" g="153" b="153"/>
        <dgm:selectedColor r="49" g="106" b="196"/>
    </dgm:gWireLink>
</dgm:gDiagram>